Nivel_Educativo,mean,std
SUPERIOR,10.012526904793795,9.539061955212382
