cluster,Media,Desv Est,Mínimo,Máximo,N
0,70.10044843049327,14.05817766814107,0.0,100.0,446
1,86.18592321755027,7.763300250879293,55.3,100.0,547
